post_id,content_type,published_at,title,permalink,duration_sec,reach,views,likes,comments,shares,saves,followers_gained,platform,watch_time_sec,avg_watch_sec,link_clicks,engagement_total,engagement_rate
17978919536823613,carousel,2026-03-22 08:45:00+09:00,"한국 정교회 대교구 주간 소식 (3월 22일) | Weekly Bulletin of the Orthodox Metropolis of Korea (March 22)

#정교회 #한국정교회 #한국정교회대교구 #orthodoxkorea #orthodoxy",https://www.instagram.com/p/DWKlef5mCuX/,0,685,1784,91,0,2,11,1,instagram,0,0,0,104,0.15182481751824817
17930334846214846,image,2026-03-22 00:51:00+09:00,"His Eminence Archbishop Elpidophoros of America welcomed to the Greek Orthodox Archdiocese of America headquarters Metropolitan Ambrosios of Korea and Exarch of Japan on March 19, 2026. 

During his t",https://www.instagram.com/p/DWJu9L9jZ-Y/,0,0,15715,515,1,16,0,0,instagram,0,0,0,532,0.0
17954560932092822,carousel,2026-03-19 08:00:00+09:00,"[한국종교문화연구소 서울 성당 방문 | Visit by the Korea Institute for Religion and Culture to the Seoul Cathedral]
지난 14일(토), 한국종교문화연구소 소속 연구원들과 서울
대 종교학과 학생들 약 20명이 서울 성당을 방문하여 임종훈 
안토니오스 신부로부터 정교회 전반에 관한 여러 설명을 들었",https://www.instagram.com/p/DWCyBsOjxAK/,0,1059,2596,186,0,7,1,3,instagram,0,0,0,194,0.18319169027384324
18108915733836126,carousel,2026-03-17 20:19:00+09:00,"[아토스 성산 영적 순례 | Pilgrimage to Mount Athos]

From February 9 to 19, six of our youth from Syndesmos went on a pilgrimage to Mount Athos and various holy sites in Greece, led by Fr. Antonios Lim and Fr.",https://www.instagram.com/p/DV-87nHD0lw/,0,31714,9042,6440,21,687,342,356,instagram,0,0,0,7490,0.23617329885854826
18088691320935505,carousel,2026-03-16 00:46:00+09:00,"한국 정교회 대교구 주간 소식 (3월 15일) | Weekly Bulletin of the Orthodox Metropolis of Korea (March 15)

#정교회 #한국정교회 #한국정교회대교구 #orthodox #orthodoxy",https://www.instagram.com/p/DV6R8VejxSK/,0,569,1471,46,0,0,2,1,instagram,0,0,0,48,0.0843585237258348
18059550773400508,short_video,2026-03-15 18:14:00+09:00,"[Sunday of the Holy Cross | 십자가 경배 주일]
오늘 십자가 경배 주일을 맞아, 존귀한 십자가에 경배하며 ‘거룩한 대 사순절’의 남은 절반을 향해 나아갑니다.
십자가는 단순한 상징이 아니라 새로운 ‘생명 나무’입니다. 구약성서에서 모세가 하느님의 백성을 구하기 위해 두 팔을 십자가 모양으로 펼치고, 나무 한 그루를 던져 마라의 쓴물을 ",https://www.instagram.com/reel/DV5kW_GD2Kx/,38,3428,4770,270,7,61,17,3,instagram,0,0,0,355,0.10355892648774796
7617398220494310677,short_video,2026-03-15 00:00:00+09:00,"Σήμερα, Κυριακή της Σταυροπροσκυνήσεως, συνεχίζουμε το υπόλοιπο μισό της Αγίας και Μεγάλης Τεσσαρακοστής προσκυνώντας τον Τίμιο Σταυρό!  Ο Σταυρός δεν είναι απλώς ένα σύμβολο, αλλά το νέο «Ξύλο της Ζω",https://www.tiktok.com/@orthodox.korea/video/7617398220494310677,0,38722,38722,4892,117,378,0,0,tiktok,0,0,0,5387,0.13911988017147875
18082118027523035,short_video,2026-03-13 15:58:00+09:00,"During Great Lent, the faithful participate in the Liturgy of the Presanctified Gifts, where the Holy Gifts, pre-consecrated from the previous Sunday, are offered for Communion. 
A moment of silence, ",https://www.instagram.com/reel/DV0LYvXD2Px/,36,1014,1735,163,2,8,10,6,instagram,0,0,0,183,0.1804733727810651
7616632627986009364,short_video,2026-03-13 00:00:00+09:00,"During Great Lent, the faithful participate in the Liturgy of the Presanctified Gifts, where the Holy Gifts, pre-consecrated from the previous Sunday, are offered for Communion.  A moment of silence, ",https://www.tiktok.com/@orthodox.korea/video/7616632627986009364,0,3139,3139,372,15,7,0,0,tiktok,0,0,0,394,0.12551768079006054
17927062236250314,carousel,2026-03-12 21:15:00+09:00,"[Sunday of Orthodoxy – Blessing of the Catechumens Preparing for Baptism]

On the Sunday of Orthodoxy, the Orthodox Metropolis of Korea celebrated the victory of our faith with an icon procession at S",https://www.instagram.com/p/DVyLaYTjWNR/,0,1782,3190,265,6,33,6,7,instagram,0,0,0,310,0.1739618406285073
17960138355058400,carousel,2026-03-12 20:19:00+09:00,"[Vespers of Forgiveness]

On Forgiveness Sunday, the Sunday before Great Lent after the Divine Liturgy, the faithful gathered again in the church and, with a spirit of reverence, attended the Vespers ",https://www.instagram.com/p/DVyE9EkDfDm/,0,1554,2787,228,0,39,6,9,instagram,0,0,0,273,0.17567567567567569
18109471972753586,short_video,2026-03-09 16:00:00+09:00,"☦️ 성찬예배 이후의 예배 : «전례 후의 전례»
성 니콜라스 대성당에서 거행되는 성찬예배 후에는 매 주일마다 공동체의 오찬이자 예배의 연장선인 “사랑의 오찬(Agape Meal)”을 통해 예배를 계속 이어갑니다. 사랑의 오찬 이후 성당의 여러 모임들, 특히 청년회 “신데즈모스(Syndesmos)”는 한국어와 영어를 사용하는 교우들이 커피 한잔을 나누며 영",https://www.instagram.com/reel/DVp4XC8j8Lt/,36,2110,3897,447,6,98,36,16,instagram,0,0,0,587,0.2781990521327014
7615099844952182024,short_video,2026-03-09 00:00:00+09:00,"☦️ “Liturgy after the Liturgy” After the Divine Liturgy at St. Nicholas Cathedral, every Sunday the “liturgy” continues with the “Agape” meal, the community’s common meal. Afterwards, the various pari",https://www.tiktok.com/@orthodox.korea/video/7615099844952182024,0,60699,60699,7933,116,582,0,0,tiktok,0,0,0,8631,0.14219344635002223
17957033646062918,carousel,2026-03-08 04:07:00+09:00,"✨ 비잔틴 성화 세미나 안내 ✨
한국정교회 대교구 & 일본 엑사르히아에서 그리스 성화작가 소조스 야누디스(Sozos Giannoudis) 교수님을 초빙하여 한국인 성화작가 따띠안나 서미경 작가님와 함께 비잔틴 성화 세미나를 진행합니다.
🖌 대상: 전공자 & 일반인 🎨 과정: 초급 / 고급
📍 장소: 한국정교회 대교구 (서울시 마포구 마포대로 18길 43) ",https://www.instagram.com/p/DVmCjpFjIeK/,0,791,2137,100,0,32,4,0,instagram,0,0,0,136,0.17193426042983564
17902621152379451,carousel,2026-03-08 03:15:00+09:00,"[Pastoral Visit to Okinawa and Tokyo, Japan]

From February 19 to 22, 2026, Metropolitan Ambroseios of Korea and Exarch of Japan visited Okinawa and Tokyo to serve the liturgical and pastoral needs of",https://www.instagram.com/p/DVl8kGYjPdD/,0,826,2347,142,0,2,4,2,instagram,0,0,0,148,0.1791767554479419
18083062214013997,carousel,2026-03-08 00:23:00+09:00,"한국 정교회 대교구 주간 소식 (3월 8일)
Weekly Bulletin of the Orthodox Metropolis of Korea (March 8)

#정교회 #한국정교회 #한국정교회대교구 #orthodox #orthodoxy",https://www.instagram.com/p/DVlo3uyD1V7/,0,521,1540,50,0,1,2,0,instagram,0,0,0,53,0.1017274472168906
18072183461443070,short_video,2026-03-07 18:20:00+09:00,"성모 기립 찬양
성 니콜라스 대성당, 서울 (2026)
Salutations to the Theotokos
St. Nicholas Cathedral, Seoul
Χαιρετισμοί της Θεοτόκου στον Καθεδρικό Ι.Ν. Αγίου Νικολάου, Σεούλ, Νότια Κορέα
#orthodox #christianity #Korea",https://www.instagram.com/reel/DVk_AX7j97C/,56,1480,2587,289,6,70,17,12,instagram,0,0,0,382,0.2581081081081081
7614439223717842183,short_video,2026-03-07 00:00:00+09:00,"Χαιρετισμοί της Θεοτόκου στον Καθεδρικό Ι.Ν. Αγίου Νικολάου, Σεούλ, Νότια Κορέα ☦️🇰🇷 성모 기립 찬양 성 니콜라스 대성당, 서울 Salutations to the Theotokos St. Nicholas Cathedral, Seoul (2026) #orthodox #christianity #",https://www.tiktok.com/@orthodox.korea/video/7614439223717842183,0,163163,163163,20897,419,1909,0,0,tiktok,0,0,0,23225,0.14234232025643068
18156502309386316,short_video,2026-03-02 16:15:00+09:00,"정교 주일을 맞아, 한국정교회 대교구는 서울 성 니콜라스 대성당에서 성화상 행렬을 하며 우리 신앙의 승리를 경축하였습니다.

On the Sunday of Orthodoxy, the Orthodox Metropolis of Korea celebrated the triumph of our faith with the procession of Holy Icons",https://www.instagram.com/reel/DVX5A3QjwaI/,0,3314,5318,388,16,142,26,31,instagram,0,0,0,572,0.17260108630054316
7612545815780805904,short_video,2026-03-02 00:00:00+09:00,"정교 주일을 맞아, 한국정교회 대교구는 서울 성 니콜라스 대성당에서 성화상 행렬을 하며 우리 신앙의 승리를 경축하였습니다. On the Sunday of Orthodoxy, the Orthodox Metropolis of Korea celebrated the triumph of our faith with the procession of Holy Icons ",https://www.tiktok.com/@orthodox.korea/video/7612545815780805904,0,179160,179160,23697,444,3298,0,0,tiktok,0,0,0,27439,0.1531536057155615
7608627113117125889,short_video,2026-02-24 00:00:00+09:00,Divine Liturgy at Orthodox Metropolis of Korea Sunday School Winter Camp 2026 Pt. 5 #fyp #ΚορέαΟρθοδοξία #κορεα #orthodoxkorea #정교회 #orthodox,https://www.tiktok.com/@orthodox.korea/video/7608627113117125889,0,11645,11645,1246,42,82,0,0,tiktok,0,0,0,1370,0.11764705882352941
7608626667124231425,short_video,2026-02-23 00:00:00+09:00,Orthodox Metropolis of Korea Sunday School Winter Camp 2026 Pt. 4 #fyp #ΚορέαΟρθοδοξία #κορεα #orthodoxkorea #정교회 #orthodox,https://www.tiktok.com/@orthodox.korea/video/7608626667124231425,0,4374,4374,285,8,3,0,0,tiktok,0,0,0,296,0.06767261088248742
7608626152231521537,short_video,2026-02-21 00:00:00+09:00,Orthodox Metropolis of Korea Sunday School Winter Camp Pt. 3 #fyp #ΚορέαΟρθοδοξία #κορεα #orthodoxkorea #정교회 #orthodox,https://www.tiktok.com/@orthodox.korea/video/7608626152231521537,0,4934,4934,484,15,25,0,0,tiktok,0,0,0,524,0.10620186461289015
7608623701172538641,short_video,2026-02-20 00:00:00+09:00,Orthodox Metropolis of Korea Youth Winter Camp Pt. 2#fyp#ΚορέαΟρθοδοξία #κορεα #orthodoxkorea #정교회 #orthodox,https://www.tiktok.com/@orthodox.korea/video/7608623701172538641,0,3292,3292,232,12,4,0,0,tiktok,0,0,0,248,0.07533414337788578
7608622961913761041,short_video,2026-02-19 00:00:00+09:00,Orthodox Metropolis of Korea Youth Winter Camp Pt. 1 #fyp #orthodoxkorea #orthodox #정교회 #Korea #ΚορέαΟρθοδοξία #κορεα,https://www.tiktok.com/@orthodox.korea/video/7608622961913761041,0,3247,3247,184,4,4,0,0,tiktok,0,0,0,192,0.05913150600554358
7608624946994040065,short_video,2026-02-19 00:00:00+09:00,Syndesmos Young Adult Winter Camp Orthodox Metropolis of Korea 2026 #fyp#ΚορέαΟρθοδοξία #κορεα #orthodoxkorea #정교회 #orthodox,https://www.tiktok.com/@orthodox.korea/video/7608624946994040065,0,3364,3364,242,10,17,0,0,tiktok,0,0,0,269,0.07996432818073722
18052982225460829,carousel,2026-02-09 01:55:00+09:00,"한국 정교회 대교구 주간 소식 (2월 1일)
Weekly News of Orthodox metropolis of Korea (February 1)

#정교회 #한국정교회 #한국정교회대교구 #orthodox#orthodoxy #orthodoxchristian #orthodoxchurch #christian #christianity #korea #orthodo",https://www.instagram.com/p/DUgSCGeDbFv/,0,438,1873,42,0,0,2,1,instagram,0,0,0,44,0.1004566210045662
18077919176058539,carousel,2026-02-09 01:49:00+09:00,"2026 Winter camp of the Orthodox Metropolis of Korea - Syndesmos
2026년 한국정교회 대교구 겨울 수련회 - 신데즈모스(청년회)",https://www.instagram.com/p/DUgRQWGDf9q/,0,772,2809,147,0,8,5,0,instagram,0,0,0,160,0.20725388601036268
18092439220826125,carousel,2026-02-01 00:42:00+09:00,"2026 Winter camp of the Orthodox Metropolis of Korea - Elementary, Middle and High School
2026년 한국정교회 대교구 겨울 수련회 - 초중고등부",https://www.instagram.com/p/DULjPSmjVXP/,0,767,3420,159,0,29,3,2,instagram,0,0,0,191,0.24902216427640156
17855149155562745,carousel,2026-01-26 04:07:00+09:00,"한국 정교회 대교구 주간 소식 (1월 25일)
Weekly News of Orthodox metropolis of Korea (January 25)

#정교회 #한국정교회 #한국정교회대교구 #orthodox#orthodoxy #orthodoxchristian #orthodoxchurch #christian #christianity #korea #orthod",https://www.instagram.com/p/DT8eBMojUod/,0,533,2681,64,1,13,5,2,instagram,0,0,0,83,0.15572232645403378
18096619705908313,carousel,2026-01-20 02:53:00+09:00,"한국 정교회 대교구 주간 소식 (1월 18일)
Weekly News of Orthodox metropolis of Korea (January 18)

#정교회 #한국정교회 #한국정교회대교구 #orthodox#orthodoxy #orthodoxchristian #orthodoxchurch #christian #christianity #korea #orthod",https://www.instagram.com/p/DTs4uJqjVJH/,0,493,2535,54,0,1,1,0,instagram,0,0,0,56,0.11359026369168357
7595196942494223633,short_video,2026-01-14 00:00:00+09:00,신현축일 대시과  Great Hours of the Forefeast of Theophany in the Orthodox Metropolis of Korea in Seoul #theophany #orthodoxkorea #orthodox #정교회 #κορεα #ΚορέαΟρθοδοξία,https://www.tiktok.com/@orthodox.korea/video/7595196942494223633,0,2280,2280,142,3,5,0,0,tiktok,0,0,0,150,0.06578947368421052
7595198983761349889,short_video,2026-01-14 00:00:00+09:00,"신현축일 Feast of Theophany in Seoul, South Korea #theophany #orthodoxkorea #정교회 #god #greektiktok ",https://www.tiktok.com/@orthodox.korea/video/7595198983761349889,0,2469,2469,130,5,2,0,0,tiktok,0,0,0,137,0.055488051842851355
7595200027580976385,short_video,2026-01-14 00:00:00+09:00,"신현축일 Feast of Theophany Orthodox Metropolis of Korea St. Nicholas Orthodox Cathedral Seoul, South Korea#fyp #orthodoxkorea #orthodox #정교회 #Korea ",https://www.tiktok.com/@orthodox.korea/video/7595200027580976385,0,2970,2970,188,4,8,0,0,tiktok,0,0,0,200,0.06734006734006734
7594467337110310151,short_video,2026-01-12 00:00:00+09:00,"바실로피타(Βασιλόπιτα)는 그리스의 정교회 전통에서 새해 첫날인 1월 1일, 성 바실리오스 축일에 나누는 특별한 빵 또는 케이크입니다. 이는 단순한 음식이 아니라 하느님의 축복과 새해의 평안을 기원하는 종교적·공동체적 음식입니다. 바실로피타의 가장 큰 특징은 빵 속에 숨겨진 동전(플루리, φλουρί)입니다. 전통에 따라 그리스도와 성 바실리오스, ",https://www.tiktok.com/@orthodox.korea/video/7594467337110310151,0,2013,2013,108,2,6,0,0,tiktok,0,0,0,116,0.057625434674615006
17921911476226445,carousel,2026-01-10 07:19:00+09:00,"[Theophany at St. Nicholas Cathedral, Seoul]

[서울 성 니콜라스 대성당에서의 2026년 신현축일]",https://www.instagram.com/p/DTTnNSNjQ9R/,0,560,3324,102,0,1,1,0,instagram,0,0,0,104,0.18571428571428572
18117614899600954,carousel,2026-01-10 07:15:00+09:00,"[New year at St. Nicholas Cathedral, Seoul]

[서울 성 니콜라스 대성당에서의 2026년 새해]",https://www.instagram.com/p/DTTmuzDjfM0/,0,569,3222,90,1,11,0,0,instagram,0,0,0,102,0.17926186291739896
18435065644109437,carousel,2026-01-10 07:11:00+09:00,"[2025 Christmas at St. Nicholas Cathedral, Seoul]

[서울 성 니콜라스 대성당에서의 2025년 성탄절]",https://www.instagram.com/p/DTTmRvxDXrb/,0,568,3410,111,0,14,1,1,instagram,0,0,0,126,0.22183098591549297
18059633594322119,carousel,2026-01-10 06:45:00+09:00,"[Celebration of Christmas in Okinawa and Tokyo]

On December 26–28, 2025, His Eminence Metropolitan Ambrosios of Korea and Exarch of Japan visited Okinawa and Tokyo to celebrate the great Feast of the",https://www.instagram.com/p/DTTjVP6DQkx/,0,667,3599,151,0,4,3,0,instagram,0,0,0,158,0.2368815592203898
18083617181154517,carousel,2026-01-10 05:37:00+09:00,"한국 정교회 대교구 주간 소식 (1월 11일)
Weekly News of Orthodox metropolis of Korea (January 11)

#정교회 #한국정교회 #한국정교회대교구 #orthodox#orthodoxy #orthodoxchristian #orthodoxchurch #christian #christianity #korea #orthod",https://www.instagram.com/p/DTTbmwmjeD2/,0,488,2621,38,0,0,1,0,instagram,0,0,0,39,0.07991803278688525
18072019859525247,short_video,2026-01-08 19:10:00+09:00,"바실로피타(Βασιλόπιτα)는 그리스의 정교회 전통에서 새해 첫날인 1월 1일, 성 바실리오스 축일에 나누는 특별한 빵 또는 케이크입니다. 이는 단순한 음식이 아니라 하느님의 축복과 새해의 평안을 기원하는 종교적·공동체적 음식입니다.
바실로피타의 가장 큰 특징은 빵 속에 숨겨진 동전(플루리, φλουρί)입니다. 전통에 따라 그리스도와 성 바실리오스, ",https://www.instagram.com/reel/DTPuycCjckw/,31,873,1919,142,1,22,7,9,instagram,0,0,0,172,0.1970217640320733
18033944801550655,short_video,2026-01-05 13:12:00+09:00,"Christmas in Seoul, Korea 2

#orthodox #정교회 #christmas #orthodoxkorea #orthodoxchristian",https://www.instagram.com/reel/DTHXXEQiDNw/,118,656,1329,100,1,11,4,1,instagram,0,0,0,116,0.17682926829268292
18087286984852177,short_video,2026-01-05 12:39:00+09:00,"Christmas in Seoul, Korea 

#orthodox #정교회 #orthodoxkorea #christmas",https://www.instagram.com/reel/DTHTe6wiLZU/,118,1464,2294,143,2,14,7,4,instagram,0,0,0,166,0.1133879781420765
17910958575276801,image,2026-01-01 17:08:00+09:00,"새해 복 많이 받으세요!
행복하고 건강한 한 해 되세요!

Happy New Year!
Wishing you a happy and healthy New Year!",https://www.instagram.com/p/DS9fgCKCJ2O/,0,506,2492,55,1,2,0,0,instagram,0,0,0,58,0.11462450592885376
17917830330247743,carousel,2025-12-29 06:26:00+09:00,"한국 정교회 대교구 주간 소식 (12월 28일)
Weekly News of Orthodox metropolis of Korea (December 28)

#정교회 #한국정교회 #한국정교회대교구 #orthodox#orthodoxy #orthodoxchristian #orthodoxchurch #christian #christianity #korea #orth",https://www.instagram.com/p/DS0nlAejJMZ/,0,484,2887,53,0,0,1,1,instagram,0,0,0,54,0.1115702479338843
18444118561102196,carousel,2025-12-29 06:22:00+09:00,"[Seven New Souls in the Embrace of the Orthodox Church in Korea]

With particular spiritual joy and in an atmosphere of deep contrition, on Saturday, December 20, 2025—the day on which our Church hono",https://www.instagram.com/p/DS0nNYsjAFk/,0,672,3445,157,2,2,4,0,instagram,0,0,0,165,0.24553571428571427
17961791261992589,carousel,2025-12-21 07:07:00+09:00,"한국 정교회 대교구 주간 소식 (12월 21일)
Weekly News of Orthodox metropolis of Korea (December 21)

#정교회 #한국정교회 #한국정교회대교구 #orthodox#orthodoxy #orthodoxchristian #orthodoxchurch #christian #christianity #korea #orth",https://www.instagram.com/p/DSgF-7jDUC3/,0,749,3544,51,0,2,2,0,instagram,0,0,0,55,0.07343124165554073
18088158550994142,carousel,2025-12-19 07:13:00+09:00,"[Twenty Years of the Parish of St. Dionysios of Aegina in Ulsan]

With particular brightness and great joy, the memory of St. Dionysios of Aegina was honored this year in Ulsan on the weekend of Decem",https://www.instagram.com/p/DSa9Corj-Aa/,0,889,4474,192,2,9,7,2,instagram,0,0,0,210,0.23622047244094488
18388811575197810,carousel,2025-12-19 06:56:00+09:00,"[The Feast of St. Nicholas in Seoul]

In the heart of Seoul, where Orthodoxy offers its daily witness of faith, the parish celebrated once again, with particular splendor and reverence, the memory of ",https://www.instagram.com/p/DSa7E-cjRG1/,0,539,3457,131,2,13,1,0,instagram,0,0,0,147,0.2727272727272727
18322450333171707,image,2025-12-19 06:47:00+09:00,"[제1차 니케아 세계 공의회 1700주년 기념 행사]

지난 11월 28일부터 30일까지 비티니아의 니케아와 콘스탄티노플에서 역사적인 행사가 열렸습니다. 28일 니케아에서는 세계 총대주교청 주관으로 제1차 니케아 세계 공의회(325년) 1700주년 기념식이 열렸는데, 바르톨로메오스 세계 총대주교의 초청에 따라 레오 14세 교황과 여러 교회 지도자들이 참석했",https://www.instagram.com/p/DSa6BSOD9Bx/,0,634,2864,67,1,6,2,1,instagram,0,0,0,76,0.11987381703470032
18093518491909898,carousel,2025-12-19 06:41:00+09:00,"[Pastoral Visit to Okinawa and Tokyo, Japan]

From Friday to Sunday, November 14-16, 2025, His Eminence Metropolitan Ambrosios of Korea and Exarch of Japan conducted a missionary visit to the island o",https://www.instagram.com/p/DSa5bdojQU4/,0,654,3508,127,1,11,3,1,instagram,0,0,0,142,0.21712538226299694
18435260446108578,carousel,2025-12-19 06:31:00+09:00,"[The Feast of Saint Andrew at the Holy Monastery in Yanggu]

In an atmosphere of deep devotion and spiritual jubilation, the memory of the First-Called Apostle Andrew was honored again this year at hi",https://www.instagram.com/p/DSa4Mc5Dxdb/,0,538,2800,104,1,0,1,1,instagram,0,0,0,106,0.1970260223048327
17849154411588266,image,2025-12-19 06:20:00+09:00,"[Schedule of Services for Christmas, New Year’s Day, and Epiphany]

CHRISTMAS
Wednesday 12/24/2025
9:00-10:30 am The Great Hours of Christmas (1st, 3rd, and 6th.)
5:00- 7:30 pm The Great 9th Hour, Ves",https://www.instagram.com/p/DSa29qeDYe_/,0,476,3106,39,0,13,3,0,instagram,0,0,0,55,0.11554621848739496
18028487558564514,carousel,2025-12-08 05:45:00+09:00,"한국 정교회 대교구 주간 소식 (12월 7일)
Weekly News of Orthodox metropolis of Korea (December 7)

#정교회 #한국정교회 #한국정교회대교구 #orthodox#orthodoxy #orthodoxchristian #orthodoxchurch #christian #christianity #korea #orthod",https://www.instagram.com/p/DR-eNhdDXBw/,0,518,2897,52,1,9,2,1,instagram,0,0,0,64,0.12355212355212356
18197307466322113,image,2025-12-04 03:51:00+09:00,"[서울 성 니콜라스 성인 축일 예배 일정]
[Feast day program of St.Nicholas Cathedral in Seoul]",https://www.instagram.com/p/DRz-B89DVl-/,0,502,2757,69,1,13,1,1,instagram,0,0,0,84,0.16733067729083664
18072878057362953,carousel,2025-12-01 05:43:00+09:00,"한국 정교회 대교구 주간 소식 (11월 30일)
Weekly News of Orthodox metropolis of Korea (November 30)

#정교회 #한국정교회 #한국정교회대교구 #orthodox#orthodoxy #orthodoxchristian #orthodoxchurch #christian #christianity #korea #orth",https://www.instagram.com/p/DRscZ4hjcAk/,0,430,2802,49,0,0,1,0,instagram,0,0,0,50,0.11627906976744186
18068469029106744,carousel,2025-12-01 05:04:00+09:00,"St.Porphyrios: The miraculous Springwater

At the Holy transfiguration Monastery in Gapyeong 

The late Metropolitan Sotirios of Korea:

“In 1986, I visited the saint to seek guidance for establishing",https://www.instagram.com/p/DRsX_zdDb2J/,0,876,4232,157,1,120,17,0,instagram,0,0,0,295,0.3367579908675799
18112011958595088,carousel,2025-11-24 01:46:00+09:00,"한국 정교회 대교구 주간 소식 (11월 23일)
Weekly News of Orthodox metropolis of Korea (November 23)

#정교회 #한국정교회 #한국정교회대교구 #orthodox#orthodoxy #orthodoxchristian #orthodoxchurch #christian #christianity #korea #orth",https://www.instagram.com/p/DRZ_zyODREF/,0,418,2886,44,0,2,1,0,instagram,0,0,0,47,0.11244019138755981
18062707811444231,carousel,2025-11-24 01:41:00+09:00,"[Volunteer work at the Holy Monastery of Saint Andrew the First-Called Apostle]

From Saturday to Monday (8-10/11/2025), a group of volunteers from Korea, Russia and Greece, members of the parish of t",https://www.instagram.com/p/DRZ_MlYjaNP/,0,533,2985,105,1,3,3,0,instagram,0,0,0,112,0.2101313320825516
17946051072063961,carousel,2025-11-24 01:38:00+09:00,"[Orthodox Day]

On Saturday, November 8, 2025, Professor Seo Won-Mo, along with his students from the Presbyterian University and Theological Seminary, visited the Cathedral of Saint Nicholas in Seoul",https://www.instagram.com/p/DRZ-3RujRYO/,0,653,3539,173,0,8,3,3,instagram,0,0,0,184,0.28177641653905056
18026575304581548,image,2025-11-24 01:32:00+09:00,"[Major Theological Conference on the First Ecumenical Council in Korea]

On Thursday, 6 November 2025, the Korea Theological Seminary (Lecture Hall, Cheon-An City) hosted a grand theological conferenc",https://www.instagram.com/p/DRZ-Hgsjfsc/,0,486,2407,54,1,0,0,0,instagram,0,0,0,55,0.11316872427983539
18077079806153438,carousel,2025-11-08 12:03:00+09:00,"한국 정교회 대교구 주간 소식 (11월 9일)
Weekly News of Orthodox metropolis of Korea (November 9)
.
.
.
.

#정교회 #한국정교회 #한국정교회대교구 #orthodox#orthodoxy #orthodoxchristian #orthodoxchurch #christian #christianity #korea",https://www.instagram.com/p/DQx5pHhCLN-/,0,526,3255,68,1,6,4,1,instagram,0,0,0,79,0.15019011406844107
18082634939043936,carousel,2025-11-06 03:56:00+09:00,"[The liturgical book ‘Parakletike’ in the Korean language]

Recently, the translation of the liturgical book &quot;Parakletike&quot; into the Korean language was completed by the Korean Gregory Park..",https://www.instagram.com/p/DQr4UJwjUqS/,0,619,3434,144,0,9,8,1,instagram,0,0,0,161,0.26009693053311794
18084605467978947,image,2025-11-06 03:45:00+09:00,"[Visit of the Civil Governor of Mount Athos to Seoul]

On Friday, October 31, 2025, His Excellency the former Minister of Hellenic National Defense and current Civil Governor of Mount Athos, Mr. Alkiv",https://www.instagram.com/p/DQr3BJ8jdY6/,0,604,3196,135,0,21,4,0,instagram,0,0,0,160,0.26490066225165565
18133158757489220,carousel,2025-10-30 03:39:00+09:00,"[A Successful St. Nicholas Cathedral Food Festival]

The Fall Food Festival, held on Sunday, October 19th, concluded successfully. Faithful from various countries prepared and shared a wonderful varie",https://www.instagram.com/p/DQZ0w_6jQSa/,0,791,4157,154,0,7,1,0,instagram,0,0,0,162,0.20480404551201012
18536622727029955,carousel,2025-10-30 03:33:00+09:00,"한국 정교회 대교구 주간 소식 (10월 26일)
Weekly News of Orthodox metropolis of Korea (October 26)
.
.
.
.

#정교회 #한국정교회 #한국정교회대교구 #orthodox#orthodoxy #orthodoxchristian #orthodoxchurch #christian #christianity #kore",https://www.instagram.com/p/DQZ0LV9jYwq/,0,455,2905,40,0,10,3,0,instagram,0,0,0,53,0.11648351648351649
18109988287508867,carousel,2025-10-17 22:04:00+09:00,"한국 정교회 대교구 주간 소식 (10월 19일)
Weekly News of Orthodox metropolis of Korea (October 19)
.
.
.
.

#정교회 #한국정교회 #한국정교회대교구 #orthodox#orthodoxy #orthodoxchristian #orthodoxchurch #christian #christianity #kore",https://www.instagram.com/p/DP6U4epDKDy/,0,667,3769,73,0,3,8,6,instagram,0,0,0,84,0.12593703148425786
18086959132920519,carousel,2025-10-12 04:31:00+09:00,"한국 정교회 대교구 주간 소식 (10월 12일)
Weekly News of Orthodox metropolis of Korea (October 12)
.
.
.
.

#정교회 #한국정교회 #한국정교회대교구 #orthodox#orthodoxy #orthodoxchristian #orthodoxchurch #christian #christianity #kore",https://www.instagram.com/p/DPrkaR5DYZZ/,0,503,3568,64,0,4,5,0,instagram,0,0,0,73,0.14512922465208747
18075980720174155,image,2025-10-08 19:00:00+09:00,"[The Falling Asleep of Protopresbyter Fr. Eleftherios Chavatza]

The news of the repose of the much-revered Father Eleftherios Chavatza reached even distant Korea and, in human terms, saddened us deep",https://www.instagram.com/p/DPi0ve3DB1N/,0,492,3173,67,1,3,0,0,instagram,0,0,0,71,0.1443089430894309
17973802724928818,carousel,2025-10-04 19:03:00+09:00,"[The Feast of the 24 Patron Saints of the Orthodox Church in Korea]

In an atmosphere of spiritual joy, the Synaxis of the 24 Patron Saints of the Orthodox Church of Korea was celebrated this year on ",https://www.instagram.com/p/DPYh52MDYHx/,0,643,4270,144,2,20,3,0,instagram,0,0,0,169,0.26283048211508553
18090628396656396,carousel,2025-10-04 17:58:00+09:00,"한국 정교회 대교구 주간 소식 (10월 5일)
Weekly News of Orthodox metropolis of Korea (October 5)
.
.
.
.

#정교회 #한국정교회 #한국정교회대교구 #orthodox#orthodoxy #orthodoxchristian #orthodoxchurch #christian #christianity #korea ",https://www.instagram.com/p/DPYafaUDeMZ/,0,577,3556,71,0,47,4,1,instagram,0,0,0,122,0.21143847487001732
18045799763658102,image,2025-10-03 00:45:00+09:00,"🎉[서울 성 니콜라스 대성당 음식축제 안내]🎉
서울 성 니콜라스 대성당에서 음식축제가 열립니다! 한국, 그리스,러시아,우크라이나, 미국 등 다양한 나라의 음식들이 준비될 예정입니다!

🗓 2025년 10월 19일 일요일 11:30~ 14:30
📍 애오개역(5호선) 4번출구 SK허브블루와 고려아카데미 사잇길

❗️축제는 준비된 음식이 조기 소진시 예정보다 일",https://www.instagram.com/p/DPT_cw6CHzx/,0,1432,5117,68,0,45,7,2,instagram,0,0,0,120,0.08379888268156424
18067541816251340,carousel,2025-09-28 02:49:00+09:00,"[Volunteer Work at the Transfiguration Monastery in Gapyeong] 

On September 18–19, eighteen members of the Adult Fellowship and Syndesmos from St. Nicholas Cathedral visited the Transfiguration Monas",https://www.instagram.com/p/DPHVocJDQnc/,0,599,3994,157,2,5,6,0,instagram,0,0,0,170,0.2838063439065108
18071776964138654,carousel,2025-09-28 02:45:00+09:00,"한국 정교회 대교구 주간 소식 (9월 28일)
Weekly News of Orthodox metropolis of Korea (September 28)
.
.
.
.

#정교회 #한국정교회 #한국정교회대교구 #orthodox#orthodoxy #orthodoxchristian #orthodoxchurch #christian #christianity #kor",https://www.instagram.com/p/DPHVLbdjf7r/,0,600,3401,43,1,1,1,2,instagram,0,0,0,46,0.07666666666666666
18054776486537855,carousel,2025-09-25 01:11:00+09:00,"[NCCK Visits and Ecumenical Seminar]

 On September 8, Kang Tae-seok(Salvation Army officer), chairman of the NCCK International Cooperation and Mission Committee, with members and secretary Rev. Cho ",https://www.instagram.com/p/DO_cBllCD6v/,0,583,3871,119,1,54,1,0,instagram,0,0,0,175,0.30017152658662094
18196363804314394,carousel,2025-08-24 20:23:00+09:00,"한국 정교회 대교구 주간 소식 (8월 24일)
Weekly News of Orthodox metropolis of Korea (August 24)
.
.
.
.

#정교회 #한국정교회 #한국정교회대교구 #orthodox#orthodoxy #orthodoxchristian #orthodoxchurch #christian #christianity #korea ",https://www.instagram.com/p/DNvGfAX2tSy/,0,518,4075,35,1,2,2,0,instagram,0,0,0,40,0.07722007722007722
18075349070097783,carousel,2025-08-24 20:18:00+09:00,"[전주 성모 안식 성당 축일]

전주 성모 안식 성당에서는 성모 안식 축일을 맞이하여 8월 14일(목)에는 대만과, 아르토클라시아, 행렬이 그리고 15일(금)에는 축일 조과, 성찬예배, 광복절 영광식이 예레미야 조경진 신부와 일라리온 정종혁 신부, 요한 박인곤 신부의 공동 집전으로 거행되었습니다. 이어서 사랑의 오찬을 나누었고, 주일학교 학생들의 노래와 악",https://www.instagram.com/p/DNvF22hWoY1/,0,740,4718,149,2,3,7,0,instagram,0,0,0,161,0.21756756756756757
18056842367601731,carousel,2025-08-17 18:53:00+09:00,"한국 정교회 대교구 주간 소식 (8월 17일)
Weekly News of Orthodox metropolis of Korea (August 17)
.
.
.
.

#정교회 #한국정교회 #한국정교회대교구 #orthodox#orthodoxy #orthodoxchristian #orthodoxchurch #christian #christianity #korea ",https://www.instagram.com/p/DNc6kqWPEVj/,0,527,3968,38,0,1,0,0,instagram,0,0,0,39,0.07400379506641366
18190487701317603,image,2025-08-16 00:09:00+09:00,"[Metropolitan Ambrosios Meets with President Lee Jae-myung]

On Monday the 11th, Metropolitan Ambrosios, in his capacity as NCCK President, joined the WCC and NCCK delegations in a courtesy visit with",https://www.instagram.com/p/DNYVKh3PC7T/,0,661,4350,92,2,1,4,1,instagram,0,0,0,99,0.14977307110438728
18077240693478684,image,2025-08-15 23:58:00+09:00,"[WCC General Secretary’s Visit to St. Nicholas Cathedral in Seoul]

On Sunday the 10th, Rev. Prof. Dr. Jerry Pillay, General Secretary of the World Council of Churches (WCC), and his delegation, toget",https://www.instagram.com/p/DNYT8A2vsmd/,0,668,4318,112,0,0,3,1,instagram,0,0,0,115,0.1721556886227545
17967505004937716,carousel,2025-08-12 11:12:00+09:00,"[The Conclusion of This Year’s Summer Camp Sessions]

With a pilgrimage to the Holy Monastery of the Transfiguration of the
Savior, and with all campers and staff participating in Orthros and the Divi",https://www.instagram.com/p/DNPN4NtPlBE/,0,568,4177,100,1,0,2,0,instagram,0,0,0,103,0.1813380281690141
17915011245167835,carousel,2025-08-10 14:06:00+09:00,"한국 정교회 대교구 주간 소식 (8월 10일)
Weekly News of Orthodox metropolis of Korea (August 10)
.
.
.
.

#정교회 #한국정교회 #한국정교회대교구 #orthodox#orthodoxy #orthodoxchristian #orthodoxchurch #christian #christianity #korea ",https://www.instagram.com/p/DNKYKIlIQke/,0,418,3252,40,0,0,0,0,instagram,0,0,0,40,0.09569377990430622
18017720612741471,carousel,2025-08-10 14:04:00+09:00,"[The second camping period for Elementary School students has concluded]

On Sunday, August 3, 2025, with the Divine Liturgy at the Holy Church of
Saint Boris, the second camping period for Elementary",https://www.instagram.com/p/DNKX5sPIW43/,0,544,3807,110,0,0,2,0,instagram,0,0,0,112,0.20588235294117646
18135576754433391,carousel,2025-08-10 13:50:00+09:00,"[The First 4 Days of the Elementary Student Camp]

On the fourth day of the elementary camp, the hearts of the participating students had been filled with spirituality, laughter, and joy, becoming one",https://www.instagram.com/p/DNKWZEhPoxe/,0,460,3230,72,0,0,0,0,instagram,0,0,0,72,0.1565217391304348
18034093865470827,carousel,2025-08-02 16:55:00+09:00,"한국 정교회 대교구 주간 소식 (8월 3일)
Weekly News of Orthodox metropolis of Korea (August 3)
.
.
.
.

#정교회 #한국정교회 #한국정교회대교구 #orthodox#orthodoxy #orthodoxchristian #orthodoxchurch #christian #christianity #korea #o",https://www.instagram.com/p/DM2FGpfP6E4/,0,407,2822,34,0,0,0,0,instagram,0,0,0,34,0.08353808353808354
18096534550549498,carousel,2025-07-31 17:56:00+09:00,"[전주 성당 주일학교 여름 수련회]

지난 7월 25(금)-26일(토)에 전주 성모안식 성당 주일학교 여름 수련회가 전주 성모안식 성당에서 진행되었습니다. 아침저녁으로 같이 예배를 드리고, ‘달란트’를 주제로 공부하였으며, 물놀이와 아이스 스케이트 그리고 다양한 게임들을 하며 유익하고 즐거운 시간을 보냈습니다. 좋은 날씨와 기쁨 속에서 수련회가 무사히 진행",https://www.instagram.com/p/DMxChmcv2_j/,0,591,3147,130,0,0,1,0,instagram,0,0,0,131,0.22165820642978004
18523315207018593,carousel,2025-07-31 17:41:00+09:00,"[Baptism at Jeonju Parish]

On Saturday 26 July, Fr Ilarion Chung celebrated the baptism and chrismation of Sergios Kim at the Church of the Dormition of the Theotokos in Jeonju. We congratulate Sergi",https://www.instagram.com/p/DMxAzvYtZZg/,0,656,3429,123,2,1,2,0,instagram,0,0,0,128,0.1951219512195122
18140108203413329,carousel,2025-07-31 12:23:00+09:00,"[Summer Camp of the Youth Group “Syndesmos”]

From Friday to Sunday, July 25–27, this year’s summer camp session of “Syndesmos” was held at the parish facilities of St. Boris in the city of Chuncheon.",https://www.instagram.com/p/DMwcf0UvXj_/,0,609,3251,139,2,1,5,0,instagram,0,0,0,147,0.2413793103448276
18279928318283066,carousel,2025-07-25 22:25:00+09:00,"한국 정교회 대교구 주간 소식 (7월 27일)
Weekly News of Orthodox metropolis of Korea (July 27)
.
.
.
.

#정교회 #한국정교회 #한국정교회대교구 #orthodox#orthodoxy #orthodoxchristian #orthodoxchurch #christian #christianity #korea #o",https://www.instagram.com/p/DMiEhkzvv1-/,0,400,2586,37,0,0,0,0,instagram,0,0,0,37,0.0925
17914856322153488,carousel,2025-07-22 16:50:00+09:00,"[Pre-camp Preparations at the Camping Facilities in Chuncheon]
On Friday and Saturday of July 18-19, members of the youth couples group
under the name “Aquilas and Priscilla”, together with members of",https://www.instagram.com/p/DMZv2sOPjfG/,0,551,3101,134,1,0,1,0,instagram,0,0,0,136,0.24682395644283123
17895401310257206,carousel,2025-07-20 22:28:00+09:00,"[Baptismal Divine Liturgy in Seoul]

On Thursday, July 17, 2025, the feast of the Great Martyr St. Marina, the Metropolitan of Korea and Exarch of Japan Ambrosios, accompanied by Fr. Romanos Kavchak, ",https://www.instagram.com/p/DMVM6DbvcQ7/,0,671,3344,160,3,2,6,1,instagram,0,0,0,171,0.2548435171385991
17893176330265367,carousel,2025-07-19 13:44:00+09:00,"한국 정교회 대교구 주간 소식 (7월 20일)
Weekly News of Orthodox metropolis of Korea (July 20)
.
.
.
.

#정교회 #한국정교회 #한국정교회대교구 #orthodox#orthodoxy #orthodoxchristian #orthodoxchurch #christian #christianity #korea #o",https://www.instagram.com/p/DMRsKSZvJ4b/,0,524,2658,44,3,2,0,1,instagram,0,0,0,49,0.09351145038167939
18049652972404889,carousel,2025-07-15 23:53:00+09:00,"A Message from Ecumenical Patriarch Bartholomew to the Children of Ukraine

우크라이나 어린이들에게 바르톨로메오스 세계총대주교가 전하는 메시지",https://www.instagram.com/p/DMIeqxyPYl-/,0,588,2898,75,2,26,6,0,instagram,0,0,0,109,0.18537414965986396
17899408899236184,carousel,2025-07-13 20:34:00+09:00,"Visit to the Gapyeong Transfiguration Monastery

On Thursday, July 10, 2025, Metropolitan Ambrosios of Korea accompanied by Fr. Epiphanios Gregoriatis, Fr. Theodosios Argyropoulos, his Presbytera Geor",https://www.instagram.com/p/DMC-TAVvI8G/,0,635,3085,150,1,1,4,0,instagram,0,0,0,156,0.24566929133858267
18035220290416811,carousel,2025-07-13 20:26:00+09:00,"한국 정교회 대교구 주간 소식 (7월 13일)
Weekly News of Orthodox metropolis of Korea (July 13)
.
.
.
.

#정교회 #한국정교회 #한국정교회대교구 #orthodox#orthodoxy #orthodoxchristian #orthodoxchurch #christian #christianity #korea #o",https://www.instagram.com/p/DMC9a5AP1Qp/,0,457,2454,42,0,0,1,1,instagram,0,0,0,43,0.09409190371991247
17897203191246323,carousel,2025-07-07 16:59:00+09:00,"[Baptism in Seoul]
Today, on the feast of the Birth of John the Baptist according to the Old Calendar, Father Roman Kavchak celebrated a baptismal Divine Liturgy at the Church of Saint Maximus the Gre",https://www.instagram.com/p/DLzI9pVvgjl/,0,811,3515,213,6,1,13,0,instagram,0,0,0,233,0.2872996300863132
18014969240758138,carousel,2025-07-05 18:35:00+09:00,"한국 정교회 대교구 주간 소식 (7월 6일)
Weekly News of Orthodox metropolis of Korea (July 29)
.
.
.
.

#정교회 #한국정교회 #한국정교회대교구 #orthodox#orthodoxy #orthodoxchristian #orthodoxchurch #christian #christianity #korea #or",https://www.instagram.com/p/DLuKVWrvsYd/,0,433,2376,45,2,0,1,1,instagram,0,0,0,48,0.11085450346420324
18001711034789640,carousel,2025-06-28 15:53:00+09:00,"한국 정교회 대교구 주간 소식 (6월 29일)
Weekly News of Orthodox metropolis of Korea (June 29)
.
.
.
.

#정교회 #한국정교회 #한국정교회대교구 #orthodox#orthodoxy #orthodoxchristian #orthodoxchurch #christian #christianity #korea #o",https://www.instagram.com/p/DLb2OsHvEbS/,0,479,2600,51,1,0,2,2,instagram,0,0,0,54,0.1127348643006263
18079069804886930,image,2025-06-25 16:59:00+09:00,"On June 22, a heartbreaking tragedy occurred at an Orthodox church in Damascus, Syria. 
During a time of worship and prayer, a suicide bombing devastated the sacred space, claiming the lives of at lea",https://www.instagram.com/p/DLUPYllMzns/,0,961,3237,91,1,6,3,1,instagram,0,0,0,101,0.10509885535900104
18019243766722930,image,2025-06-19 21:03:00+09:00,"[제11회 한일NCC 양국협의회]

6월 11일(수)부터 13일(금)까지 제11회 한일양국NCC 협의회(주최: 한국기독교교회협의회와 일본 그리스도교협의회)가 “평화와 화해의 사도로서 교회의 역할”이라는 주제로 한국기독교회관과 경동교회 등에서 진행되었습니다.

우리 대교구에서는 NCCK 회장이신 조성암 암브로시오스 대주교가 개회식 때 환영사를 전했고, NCC",https://www.instagram.com/p/DLFOl5MNi0I/,0,538,2453,67,1,0,3,0,instagram,0,0,0,71,0.13197026022304834
18032162081426184,carousel,2025-06-19 20:54:00+09:00,"[故 소티리오스 대주교 3주기 추도식 및 철야예배]

지난 13일(금) 가평 구세주 변모 수도원에서 암브로시오스 대주교, 로만 대신부, 임종훈 안토니오스 신부, 크리스토퍼 보제 집전과 45명의 신자(서울, 전주) 참례로 소티리오스 대주교님의 안식 3주기 추도식과 철야예배가 거행되었습니다. 저녁 8시에 대주교님 묘소에서 뜨리사기온이, 이어서 성당에서 오순절 ",https://www.instagram.com/p/DLFNhUhN6hK/,0,879,3087,156,3,2,5,0,instagram,0,0,0,166,0.18885096700796358
18316875367229792,carousel,2025-06-15 00:14:00+09:00,"한국 정교회 대교구 주간 소식 (6월 15일)
Weekly News of Orthodox metropolis of Korea (June 15)
.
.
.
.

#정교회 #한국정교회 #한국정교회대교구 #orthodox#orthodoxy #orthodoxchristian #orthodoxchurch #christian #christianity #korea #o",https://www.instagram.com/p/DK4sgBMttWn/,0,460,2336,45,0,0,0,1,instagram,0,0,0,45,0.09782608695652174
17903380962195197,carousel,2025-06-12 06:11:00+09:00,"[서울 성 니콜라스 대성당 보제 신품 성사]
지난 오순절(6월 8일) 성찬예배에서 미국인 교우 크리스토퍼 욘커(Christopher Jonker)의 보제 신품 성사가 조성암 암브로시오스 대주교, 로만 카브착 대신부, 임종훈 안토니오스 신부의 집전으로 거행되었습니다.

서울과 인천에서 참석한 많은 신자들이 선교회관에서 열린 축하 리셉션과 음악공연을 함께 하며",https://www.instagram.com/p/DKxm4qVtHUu/,0,716,2776,184,5,2,6,0,instagram,0,0,0,197,0.2751396648044693
17972754932855993,carousel,2025-06-08 03:43:00+09:00,"한국 정교회 대교구 주간 소식 (6월 8일)
Weekly News of Orthodox metropolis of Korea (June 8)
.
.
.
.

#정교회 #한국정교회 #한국정교회대교구 #orthodox#orthodoxy #orthodoxchristian #orthodoxchurch #christian #christianity #korea #ort",https://www.instagram.com/p/DKnCzCZtLgl/,0,455,2186,45,0,0,1,0,instagram,0,0,0,46,0.1010989010989011
18164775721342295,carousel,2025-05-30 17:09:00+09:00,"한국 정교회 대교구 주간 소식 (6월 1일)
Weekly News of Orthodox metropolis of Korea (June 1)
.
.
.
.

#정교회 #한국정교회 #한국정교회대교구 #orthodox#orthodoxy #orthodoxchristian #orthodoxchurch #christian #christianity #korea #ort",https://www.instagram.com/p/DKRT4duN2yn/,0,409,1918,56,0,0,1,0,instagram,0,0,0,57,0.1393643031784841
18032208764402217,image,2025-05-30 03:20:00+09:00,"A 15-century legacy under threat.

Saint Catherine’s Monastery — the oldest continuously operating Christian monastery in the world — is facing forced closure.

Not due to war.
Not due to conflict.
Bu",https://www.instagram.com/p/DKP1ECetnDr/,0,2670,4419,139,3,16,5,1,instagram,0,0,0,163,0.06104868913857678
18012643697727347,carousel,2025-05-24 00:49:00+09:00,"한국 정교회 대교구 주간 소식 (5월 25일)
Weekly News of Orthodox metropolis of Korea (May 25)
.
.
.
.

#정교회 #한국정교회 #한국정교회대교구 #orthodox#orthodoxy #orthodoxchristian #orthodoxchurch #christian #christianity #korea #or",https://www.instagram.com/p/DKAG8froYXH/,0,481,2017,58,0,0,2,0,instagram,0,0,0,60,0.12474012474012475
17845306959486092,carousel,2025-05-23 18:16:00+09:00,"[서울 성 니콜라스 대성당 세례성사]

콘스탄티노스 황제, 엘레니 모후 사도대등자 축일인 2025년 5월 21일 수요일, 서울 성 니콜라스 대성당에서 암브로시오스 대주교는 세례성사를 집전하셨습니다. 이 예배는 로만 카브착 대신부와 임종훈 안토니오스 신부가 공동집전했습니다.
오로지 세례성사를 받기 위해 한국을 방문한 호주 축구팀의 한국인 현역 선수인 양형민 ",https://www.instagram.com/p/DJ_Z8DyNswH/,0,940,3306,233,11,2,11,4,instagram,0,0,0,257,0.2734042553191489
17863674696398604,carousel,2025-05-17 17:09:00+09:00,"한국 정교회 대교구 주간 소식 (5월 18일)
Weekly News of Orthodox metropolis of Korea (May 18) 
.
.
.
.

#정교회 #한국정교회 #한국정교회대교구 #orthodox#orthodoxy #orthodoxchristian #orthodoxchurch #christian #christianity #korea #o",https://www.instagram.com/p/DJv1iPAN9yq/,0,513,1956,70,1,0,0,0,instagram,0,0,0,71,0.13840155945419103
18067497944490716,carousel,2025-05-16 00:19:00+09:00,"암브로시오스 한국 대주교 및 일본 엑사르호스의 레오 14세 교황 선출 축하 메세지 
Statement of Metropolitan Ambrosios 
of Korea and Exarch of Japan on the Election of Pope Leo XIV

#정교회 #한국정교회 #한국정교회대교구 #orthodox#orthodoxchurch #orthod",https://www.instagram.com/p/DJrdInsoajb/,0,686,2197,74,0,3,5,2,instagram,0,0,0,82,0.119533527696793
18067352671987801,carousel,2025-05-13 20:18:00+09:00,"[2025년 봄 세계 음식 축제]

하느님의 도우심으로, 올해도 성공적으로 봄 세계 음식 축제가 서울 성 니콜라스 대성당 마당에서 열렸습니다.

서로 다른 국가와 문화적 배경을 가진 많은 사람들이 참여하였고 10개 국에서 준비한 다양한 음식과 맛있는 디저트, 그리고 아름다운 봄 날씨가 축제의 성공적인 진행에 기여하였습니다.

서로 다른 많은 나라의 사람들이",https://www.instagram.com/p/DJl3-4GtJg6/,0,559,2091,107,1,0,2,0,instagram,0,0,0,110,0.1967799642218247
18067258615809442,carousel,2025-05-10 16:18:00+09:00,"[가평 수도원 봉사활동]
지난 1일(목)부터 3일(토)까지 서울 성당 장년회와 신데즈모스 회원 약 20명이 가평 주변모 수도원에 봉사활동을 다녀왔습니다. 실내 청소 및 정리 정돈(페인트칠, 계단 청소, 베란다 정리), 외부의 잡초와 넝쿨 정리, 소티리오스 대주교님 묘소의 낡은 기와 정리 등을 했습니다. 이러한 봉사활동은 우리 교회를 아끼고 사랑하는 방법을 ",https://www.instagram.com/p/DJduJySNMqE/,0,671,2305,186,3,0,4,0,instagram,0,0,0,193,0.28763040238450077
17878421568316672,carousel,2025-05-10 16:05:00+09:00,"한국 정교회 대교구 주간 소식 (5월 5일 ~5월 11일)
Weekly News of Orthodox metropolis of Korea (May 5 ~May 11)
.
.
.
.

#정교회 #한국정교회 #한국정교회대교구 #orthodox#orthodoxy #orthodoxchristian #orthodoxchurch #christian #christian",https://www.instagram.com/p/DJdst8ANlrS/,0,460,1676,38,1,0,0,0,instagram,0,0,0,39,0.08478260869565217
18110829559487711,image,2025-05-06 21:57:00+09:00,"《정교회 소 기도서》 재출간
⠀
한때 절판되어 쉽게 구할 수 없었던 《정교회 소 기도서》가 재출간되었습니다.
⠀
정교회 전례의 숨결이 담긴 기도문들을
이제 다시 손에 들고, 마음에 새길 수 있게 되었습니다.
⠀
만과, 석후소과, 석후대과, 기립찬양, 성모 소기원 의식 등 
초대교회의 숨결을 그대로 간직한 정교회의 여러 기도문이 
신자들이 집에서도 혼자 기도",https://www.instagram.com/p/DJUB0ARNlIs/,0,2693,4220,86,6,2,5,14,instagram,0,0,0,99,0.03676197549201634
18105949546504497,carousel,2025-05-02 16:33:00+09:00,"한국 정교회 대교구 주간 소식 (4월 28일 ~5월 4일)
Weekly News of Orthodox metropolis of Korea (April 28~May 4)
.
.
.
.

#정교회 #한국정교회 #한국정교회대교구 #orthodox#orthodoxy #orthodoxchristian #orthodoxchurch #christian #christia",https://www.instagram.com/p/DJJJfv3tpTc/,0,465,1699,39,0,1,1,0,instagram,0,0,0,41,0.08817204301075268
18039027179280344,short_video,2025-05-02 15:44:00+09:00,"한국 정교회 서울 성 니콜라스 대성당
Metropolitan Church of Saint Nikolas in Seoul
.
.
.
.
.
.
.
.
.
.
#정교회 #한국정교회 #한국정교회대교구 #orthodox#orthodoxy #orthodoxchristian #orthodoxchurch #christian #christianity #korea #ort",https://www.instagram.com/reel/DJJDumMNhB5/,62,3439,5334,445,10,58,30,48,instagram,0,0,0,543,0.15789473684210525
17978140238839255,short_video,2025-04-29 17:18:00+09:00,"2025 한국 정교회 성 대 주간
2025 Holy and Great Week in the Orthodox Church in Korea

#정교회 #한국정교회 #한국정교회대교구 #orthodox#orthodoxy #orthodoxchristian #orthodoxchurch #christian #christianity #korea #orthodoxkorea",https://www.instagram.com/reel/DJBgGN5t48a/,173,2875,4523,274,6,12,22,31,instagram,0,0,0,314,0.10921739130434782
18157265956361036,carousel,2025-04-26 01:46:00+09:00,"한국 정교회 대교구 주간 소식 (4월 21일 ~27일)
Weekly News of Orthodox metropolis of Korea (April 21~27)

#정교회 #한국정교회 #한국정교회대교구 #orthodox#orthodoxy #orthodoxchristian #orthodoxchurch #christian #christianity #korea #",https://www.instagram.com/p/DI4HO-4NFin/,0,374,1501,45,0,1,1,0,instagram,0,0,0,47,0.12566844919786097
18340031077087077,carousel,2025-04-25 19:50:00+09:00,"암브로시오스 한국 대주교 및 일본 엑사르호스의 프란치스코 교황 추모 메세지

Statement of Metropolitan Ambrosios of Korea and Exarch of Japan on the Repose of Pope Francis

#정교회 #한국정교회 #한국정교회대교구 #orthodox#orthodoxchurch #orthodoxkorea",https://www.instagram.com/p/DI3ehPHNp2z/,0,573,1818,63,1,2,1,0,instagram,0,0,0,67,0.1169284467713787
18084353650638363,short_video,2025-04-24 03:24:00+09:00,"그리스도께서 부활하셨습니다! 참으로 부활하셨습니다!
Christ is risen! Indeed he is risen!

서울 성 니콜라스 대성당에서의 사랑의 대만과
During the Agape Vesper in St.Nikolas church in Seoul, Korea",https://www.instagram.com/reel/DIzIzTONFJu/,45,1737,2668,313,2,6,10,9,instagram,0,0,0,331,0.19055843408175013
18491534905063936,short_video,2025-04-21 17:56:00+09:00,"한국 정교회 부활절 성찬예배
The Holy Easter in Korea

그리스도께서 부활하셨습니다! 참으로 부활하셨습니다!
Christ is risen! Indeed he is risen!

#정교회 #한국정교회 #한국정교회대교구 #orthodox #korea #orthodoxkorea#orthodox_korea #부활절 #easter #πάσχα202",https://www.instagram.com/reel/DIs-I3YtDd3/,179,18108,24400,2740,34,25,233,361,instagram,0,0,0,3032,0.16743980561077976
17929892568044020,carousel,2025-04-20 01:08:00+09:00,"[성 요한 크리소스토모스의 부활절 설교]

The Easter sermon of Saint John the Chrysostom

#정교회 #한국정교회 #한국정교회대교구 #orthodox#orthodoxy #orthodoxchristian #orthodoxchurch #christian #christianity #korea #orthodoxkorea#kore",https://www.instagram.com/p/DIomIAJNQhk/,0,584,1672,54,0,2,7,0,instagram,0,0,0,63,0.10787671232876712
17929598811022760,image,2025-04-20 00:18:00+09:00,"그리스도께서 부활하셨습니다! 참으로 부활하셨습니다!

Christ is risen! Indeed, He is risen!

Χριστὸς ἀνέστη! Ἀληθῶς ἀνέστη!

Христос воскрес! Воистину воскрес!

Christus resurrexit! Resurrexit vere!

Христос възкресе! Наисти",https://www.instagram.com/p/DIogYXmtnNC/,0,625,1533,74,0,4,2,0,instagram,0,0,0,80,0.128
17968452095896370,carousel,2025-04-19 16:00:00+09:00,"한국 정교회 대교구 주간 소식 (4월 14일 ~20일)
Weekly News of Orthodox metropolis of Korea (April 14~20)

#정교회 #한국정교회 #한국정교회대교구 #교회 #그리스도 #그리스도교 #기독교 #기독교인 #신앙 #믿음 #기도 #교회 #성당 #orthodox #ort #orthodoxy #orthodoxchris",https://www.instagram.com/p/DInnbcPBz82/,0,393,1459,39,0,0,1,0,instagram,0,0,0,40,0.10178117048346055
18230238307288151,short_video,2025-04-18 19:19:00+09:00,"성지주일 오후, 신랑의식
Palm Sunday afternoon, Service of the “Bridegroom”
.
.
.
.
.
.
.
#정교회 #한국정교회 #한국정교회대교구 #orthodox#orthodoxy #orthodoxchristian #orthodoxchurch #christian #christianity #korea #orthodoxkor",https://www.instagram.com/reel/DIlZL6dtNs8/,141,1038,2012,106,0,1,4,7,instagram,0,0,0,111,0.1069364161849711
18064731124986888,image,2025-04-18 13:40:00+09:00,"세상을 지으신 이가 오늘 나무에 달리셨도다.
천사의 임금께서 가시 면류관을 쓰시고
구름으로 하늘을 씌우는 이가 거짓 곤룡포로 씌어지며
요단강에서 아담을 풀어주신이가
뺨을 내어주셨고 교회의 신랑이 못박히시고 동정녀의 아들이 창에 찔리도다.
그리스도여 주의 고난에 경배하나이다.
주의 고난에 경배하나이다.
그리스도여 주의 영광스러운 부활을 우리에게 나타내소서!
",https://www.instagram.com/p/DIkyhz5tCSz/,0,552,1407,104,0,3,0,1,instagram,0,0,0,107,0.19384057971014493
18110585836478934,short_video,2025-04-17 23:35:00+09:00,"On Lazarus Saturday, April 12, 2025 at St. Paul Church in Incheon, 6 catechumens were received into the
Orthodox Church through the sacrament of baptism, officiated by Metropolitan Ambrosios, Hieromon",https://www.instagram.com/reel/DIjRoHyNNUU/,121,1043,1779,121,5,1,2,12,instagram,0,0,0,129,0.1236816874400767
18040414559615613,short_video,2025-04-17 23:27:00+09:00,"성지주일
Palm Sunday in Seoul, Korea
.
.
.
.
.
.
.
.
.
.
.
#정교회 #한국정교회 #한국정교회대교구 #교회 #그리스도 #그리스도교 #기독교 #기독교인 #신앙 #믿음 #기도 #교회 #성당 #orthodox #ort #orthodoxy #orthodoxchristian #orthodoxchurch #christian #ch",https://www.instagram.com/reel/DIjQtAcNAH-/,65,892,1484,93,0,1,1,5,instagram,0,0,0,95,0.10650224215246637
18040759184425897,short_video,2025-04-17 23:21:00+09:00,"On Lazarus Saturday, April 12, 2025 the
Divine Liturgy and Holy Baptism were celebrated at St. Nicholas Cathedral in Seoul, officiated by Metropolitan Ambrosios, Hieromonk Epiphanios, Protopresbyter R",https://www.instagram.com/reel/DIjPwNot6C8/,115,1803,2815,160,9,6,4,4,instagram,0,0,0,179,0.0992789794786467
18289905412222049,carousel,2025-04-16 17:31:00+09:00,"[바르톨로메오스 세계 총대주교 2025년 부활절 메세지]
[Patriarchal Encyclical for Holy Pascha 2025]
.
.
.
.
.
#2025년 #2025 #세계총대주교청 #정교회 #한국정교회 #한국정교회대교구 #부활절 #orthodox #korea #orthodoxkorea #orthodox_korea #ecumenical_pat",https://www.instagram.com/p/DIgDeFXNwSi/,0,719,1735,74,1,2,4,2,instagram,0,0,0,81,0.11265646731571627
17967719675745023,carousel,2025-04-15 22:49:00+09:00,"[2025년 암브로시오스 한국 대주교 및 일본 엑사르호스 부활절 메세지]

[2025 EASTER MESSAGE OF METROPOLITAN AMBROSIOS OF KOREA AND EXARCH OF JAPAN]

[2025 ΠΑΣΧΑΛΙΝΟ ΜΗΝΥΜΑ ΤΟΥ ΜΗΤΡΟΠΟΛΙΤΗ ΚΟΡΕΑΣ ΚΑΙ ΕΞΑΡΧΟΥ ΙΑΠΩΝΙΑΣ κ.κ. ΑΜΒΡΟΣΙΟ",https://www.instagram.com/p/DIeDABNNl5I/,0,665,1584,67,0,3,3,0,instagram,0,0,0,73,0.10977443609022557
18053290729992236,carousel,2025-04-12 16:46:00+09:00,"한국 정교회 대교구 주간 소식 (4월 7일 ~13일)
Weekly News of Orthodox metropolis of Korea (April 7~13)

#정교회 #한국정교회 #한국정교회대교구 #교회 #그리스도 #그리스도교 #기독교 #기독교인 #신앙 #믿음 #기도 #교회 #성당 #orthodox #ort #orthodoxy #orthodoxchristi",https://www.instagram.com/p/DIVrJiNtpna/,0,264,1049,32,0,0,0,0,instagram,0,0,0,32,0.12121212121212122
18081653776710221,carousel,2025-04-11 22:58:00+09:00,"[암브로시오스 대주교 일본 사목 방문]
지난 주말(4-5일), 암브로시오스 대주교께서 일본 오키나와의 성 니콜라스 성당을 방문하였습니다. 대주교 집전으로 토요일에는 
4명의 예비신자가 세례성사를 통해 정교인이 되었고, 주일에는 성찬예배가 거행되었습니다.

[Metropolitan Ambrosios' Pastoral Visit to Japan]

Last w",https://www.instagram.com/p/DITw2_otipr/,0,301,1070,73,1,0,2,1,instagram,0,0,0,76,0.25249169435215946
17875986705299849,carousel,2025-04-11 17:39:00+09:00,"🎉[서울 성 니콜라스 대성당 음식축제 안내]🎉
서울 성 니콜라스 대성당에서 음식축제가 열립니다! 한국, 그리스,러시아,우크라이나, 미국 등 다양한 나라의 음식들이 준비될 예정입니다!

🗓 2025년 5월 11일 일요일 11:30~ 14:30
📍 애오개역(5호선) 4번출구 SK허브블루와 고려아카데미 사잇길

❗️축제는 준비된 음식이 조기 소진시 예정보다 일찍",https://www.instagram.com/p/DITMahWteoP/,0,1031,2553,56,0,11,5,3,instagram,0,0,0,72,0.06983511154219205
17943064760978993,carousel,2025-04-04 07:19:00+09:00,"2025년 성 대 주간 및 부활절 일정
Schedule for Holy Week and Pascha 2025
.
.
.
.
.
#정교회 #한국정교회 #한국정교회대교구 #교회 #그리스도 #그리스도교 #기독교 #기독교인 #신앙 #믿음 #기도 #교회 #성당 #orthodox #ort #orthodoxy #orthodoxchristian #orthodoxchurc",https://www.instagram.com/p/DIAdKRjN-LO/,0,455,1285,42,1,3,6,1,instagram,0,0,0,52,0.11428571428571428
18027067658393906,carousel,2025-04-02 17:08:00+09:00,성 대사순절 마지막 다섯 번째 주일은 이집트의 성녀 마리아를 기념합니다. 성녀는 홀로 사막에서 오랜 기간 동안 회개와 금욕을 통해 영적투쟁을 하여 성인이 되셨습니다. 성녀의 모범은 우리 신자들 각자가 마음의 결단을 통하여 흔들림 없이 인내하며 욕망과 싸우고 회개하도록 도와줍니다. 성 대사순절 막바지에 이른 신자들은 성녀 마리아가 영적 투쟁에서 보여준 인내와,https://www.instagram.com/p/DH79nmKMkhL/,0,293,1051,43,0,1,3,1,instagram,0,0,0,47,0.16040955631399317
18047400833459226,short_video,2025-04-02 15:36:00+09:00,"The Fifth Sunday of Great Lent commemorates Saint Mary of Egypt. She became a saint through long years of repentance and asceticism, engaging in spiritual struggles alone in the desert. Her example he",https://www.instagram.com/reel/DH7zCy-Nt_E/,20,468,729,46,0,0,1,1,instagram,0,0,0,47,0.10042735042735043
18062658509297591,short_video,2025-03-30 14:28:00+09:00,"NEW ORTHODOX CHURCH In Jeonju, Korea
.
.
.
.
.
#정교회 #한국정교회 #한국정교회대교구 #교회 #그리스도 #그리스도교 #기독교 #기독교인 #신앙 #믿음 #기도 #교회 #성당 #orthodox #ort #orthodoxy #orthodoxchristian #orthodoxchurch #christian #christiani",https://www.instagram.com/reel/DHz8zvqNMXd/,67,720,1453,100,0,3,1,5,instagram,0,0,0,104,0.14444444444444443
17902477926150417,carousel,2025-03-29 18:49:00+09:00,#정교회 #한국정교회 #한국정교회대교구 #교회 #그리스도 #그리스도교 #기독교 #기독교인 #신앙 #믿음 #기도 #교회 #성당 #orthodox #ort #orthodoxy #orthodoxchristian #orthodoxchurch #christian #christianity #jesus #korea #church #prayer #prayers #orth,https://www.instagram.com/p/DHx2BQmtN-V/,0,232,906,37,0,1,1,0,instagram,0,0,0,39,0.16810344827586207
17847281343415305,carousel,2025-03-29 08:30:00+09:00,"한국 정교회 대교구 주간 소식 (3월 24일 ~30일)
Weekly News of Orthodox metropolis of Korea (March 24~30)

#정교회 #한국정교회 #한국정교회대교구 #교회 #그리스도 #그리스도교 #기독교 #기독교인 #신앙 #믿음 #기도 #교회 #성당 #orthodox #ort #orthodoxy #orthodoxchris",https://www.instagram.com/p/DHwvQorNMBv/,0,218,796,30,0,0,2,1,instagram,0,0,0,32,0.14678899082568808
17863457961363985,image,2025-03-27 21:00:00+09:00,"사람들이 당신에 대해 하는 말을 두려워하지 마십시오. 이런 것은 악마가 주는 두려움입니다. 하느님께서 당신에 대해 말씀하시는 것,천사들과 성인들이 당신에 대해 말하는 것을 생각하십시오. 다른 사람들과의 관계에서는,마치 당신 마음에서 비치는 빛처럼 사랑이라는 단어가 '항상' 당신과 함께하도록 하십시오. 당신의 마음에서 '사랑'이라는 귀중한 단어가 사라지지 않",https://www.instagram.com/p/DHs7a6MpByj/,0,239,859,46,0,0,0,0,instagram,0,0,0,46,0.19246861924686193
17871393633323265,short_video,2025-03-27 00:23:00+09:00,"부산 성모 희보 성당에서의 십자가 경배 주일
Sunday of the Veneration of the Holy Cross at the Church of the Annunciation in Busan
.
.
.
.
.
.
.
.#정교회 #한국정교회 #한국정교회대교구 #교회 #그리스도 #그리스도교 #기독교 #기독교인 #신앙 #믿음 #기도 #교회 #성당 #ort",https://www.instagram.com/reel/DHqthW4NEgT/,61,719,1472,84,0,2,2,7,instagram,0,0,0,88,0.12239221140472879
17992896545788799,carousel,2025-03-22 18:03:00+09:00,"한국 정교회 대교구 주간 소식 (3월 17일 ~23일)
Weekly News of Orthodox metropolis of Korea (March 17~23)

#정교회 #한국정교회 #한국정교회대교구 #교회 #그리스도 #그리스도교 #기독교 #기독교인 #신앙 #믿음 #기도 #교회 #성당 #orthodox #ort #orthodoxy #orthodoxchris",https://www.instagram.com/p/DHfvLLMN2g0/,0,236,981,19,0,0,0,0,instagram,0,0,0,19,0.08050847457627118
